title,url,landing,source,license,width,height,extension
Why does deep and cheap learning work so well?,https://live.staticflickr.com/5546/29215737084_ff114b37a3_b.jpg,https://www.flickr.com/photos/44124348109@N01/29215737084,flickr,by 2.0,791,1024,jpg
Google Tech Talk on the Dichotomy of Design,https://live.staticflickr.com/1231/5098796882_6381e9d655_b.jpg,https://www.flickr.com/photos/44124348109@N01/5098796882,flickr,by 2.0,1024,840,jpg
Deepdream #6,https://live.staticflickr.com/542/19718163226_7ee3a55e53.jpg,https://www.flickr.com/photos/12836528@N00/19718163226,flickr,by 2.0,334,500,jpg
Red Neural Network (strange hanging art in clothing store),https://live.staticflickr.com/7004/6618334377_13ce8dbd04_b.jpg,https://www.flickr.com/photos/74601184@N00/6618334377,flickr,by-nc-sa 2.0,1024,768,jpg
Stellated Tricontahedron: Neural Networking,https://live.staticflickr.com/7070/7025794665_1406cfd0fd_b.jpg,https://www.flickr.com/photos/24888685@N08/7025794665,flickr,by 2.0,1024,685,jpg
Deepdream #5,https://live.staticflickr.com/543/19744350795_973fdd4253.jpg,https://www.flickr.com/photos/12836528@N00/19744350795,flickr,by 2.0,500,334,jpg
Small Stellated Dodecahedron: Neural Networking,https://live.staticflickr.com/7244/6879668102_3dc3aa9824_b.jpg,https://www.flickr.com/photos/24888685@N08/6879668102,flickr,by 2.0,1024,685,jpg
Stellated Tricontahedron: Neural NetworkingStellated Tricontahedron: Neural Networking,https://live.staticflickr.com/6092/6879697474_bd0af21335_b.jpg,https://www.flickr.com/photos/24888685@N08/6879697474,flickr,by 2.0,1024,685,jpg
Deepdream #4,https://live.staticflickr.com/376/19718144746_c291fe56d0.jpg,https://www.flickr.com/photos/12836528@N00/19718144746,flickr,by 2.0,500,334,jpg
Archive Dreaming / Refik Anadol (TR),https://live.staticflickr.com/4335/36302373486_2871309dfb_b.jpg,https://www.flickr.com/photos/36085842@N06/36302373486,flickr,by-nc-nd 2.0,1024,576,jpg
Neural Network Training / Ars Electronica Futurelab,https://live.staticflickr.com/65535/47959568261_44a6873050_b.jpg,https://www.flickr.com/photos/36085842@N06/47959568261,flickr,by-nc-nd 2.0,1024,683,jpg
Weird Tree Art (Neural Network!),https://live.staticflickr.com/3018/2781151983_4fb7b60e00_b.jpg,https://www.flickr.com/photos/10934572@N00/2781151983,flickr,by 2.0,1024,768,jpg
Stellated Tricontahedron: Neural Networking,https://live.staticflickr.com/6228/6879704574_1440a5d8ab_b.jpg,https://www.flickr.com/photos/24888685@N08/6879704574,flickr,by 2.0,1024,685,jpg
Small Stellated Dodecahedron: Neural Networking,https://live.staticflickr.com/7095/7025760325_8df8e664d1_b.jpg,https://www.flickr.com/photos/24888685@N08/7025760325,flickr,by 2.0,1024,685,jpg
Stellated Tricontahedron: Neural Networking,https://live.staticflickr.com/6231/7025807231_2882bc1938_b.jpg,https://www.flickr.com/photos/24888685@N08/7025807231,flickr,by 2.0,1024,685,jpg
Naural Universe,https://live.staticflickr.com/65535/51934673332_0a29a79cf1_b.jpg,https://www.flickr.com/photos/91619724@N04/51934673332,flickr,by 2.0,780,1024,jpg
Robo Wakki,https://live.staticflickr.com/3470/3822755535_8542e96329.jpg,https://www.flickr.com/photos/26412374@N07/3822755535,flickr,by 2.0,300,450,jpg
Small Stellated Dodecahedron: Neural Networking,https://live.staticflickr.com/7114/7025772533_98e529af2a_b.jpg,https://www.flickr.com/photos/24888685@N08/7025772533,flickr,by 2.0,1024,685,jpg
Stellated Tricontahedron: Neural Networking,https://live.staticflickr.com/6118/6879699528_63bd3c2cc5_b.jpg,https://www.flickr.com/photos/24888685@N08/6879699528,flickr,by 2.0,1024,685,jpg
Small Stellated Dodecahedron: Neural Networking,https://live.staticflickr.com/6091/6879656580_25debd7820_b.jpg,https://www.flickr.com/photos/24888685@N08/6879656580,flickr,by 2.0,1024,685,jpg
Small Stellated Dodecahedron: Neural Networking,https://live.staticflickr.com/7052/7025762391_1f77e7873d_b.jpg,https://www.flickr.com/photos/24888685@N08/7025762391,flickr,by 2.0,1024,685,jpg
Stellated Tricontahedron: Neural Networking,https://live.staticflickr.com/7230/7025812193_7e0da8b5fb_b.jpg,https://www.flickr.com/photos/24888685@N08/7025812193,flickr,by 2.0,1024,685,jpg
Pattern (Neural Network),https://live.staticflickr.com/4561/37838435935_6be48ae44e_b.jpg,https://www.flickr.com/photos/43693624@N07/37838435935,flickr,by-nc 2.0,1024,898,jpg
Small Stellated Dodecahedron: Neural Networking,https://live.staticflickr.com/6117/6879658508_a10b20455a_b.jpg,https://www.flickr.com/photos/24888685@N08/6879658508,flickr,by 2.0,1024,685,jpg
Small Stellated Dodecahedron: Neural Networking,https://live.staticflickr.com/7068/7025769723_5e3dbcc32b_b.jpg,https://www.flickr.com/photos/24888685@N08/7025769723,flickr,by 2.0,1024,685,jpg
Small Stellated Dodecahedron: Neural Networking,https://live.staticflickr.com/7182/6879671284_172792b23d_b.jpg,https://www.flickr.com/photos/24888685@N08/6879671284,flickr,by 2.0,1024,685,jpg
Stellated Tricontahedron: Neural Networking,https://live.staticflickr.com/6233/6879702994_b6184a2a91_b.jpg,https://www.flickr.com/photos/24888685@N08/6879702994,flickr,by 2.0,1024,685,jpg
Learning To See: Learning To Dream / Memo Akten (TR/UK),https://live.staticflickr.com/4281/35583747312_921e4a650b_b.jpg,https://www.flickr.com/photos/36085842@N06/35583747312,flickr,by-nc-nd 2.0,1024,1024,jpg
Understanding AI,https://live.staticflickr.com/65535/47970710133_a6e917a995_b.jpg,https://www.flickr.com/photos/36085842@N06/47970710133,flickr,by-nc-nd 2.0,1024,683,jpg
Archive Dreaming / Refik Anadol (TR),https://live.staticflickr.com/4350/36250676404_1170cbedb2_b.jpg,https://www.flickr.com/photos/36085842@N06/36250676404,flickr,by-nc-nd 2.0,1024,683,jpg
Using Neural Networks to Predict Outcomes of Organic Chemistry,https://live.staticflickr.com/4577/38763168951_95b77c111a_b.jpg,https://www.flickr.com/photos/40748696@N07/38763168951,flickr,by-nd 2.0,925,1024,jpg
Using Neural Networks to Predict Outcomes of Organic Chemistry,https://live.staticflickr.com/4527/26840687819_d9c07d5d0f_b.jpg,https://www.flickr.com/photos/40748696@N07/26840687819,flickr,by-nd 2.0,762,1024,jpg
"Lost Interferences / Proiect 2 (RO), Rezidența BRD Scena9 (RO), UNATC IL Caragiale – CINETic Centre (RO)",https://live.staticflickr.com/65535/51370516257_1961241241_b.jpg,https://www.flickr.com/photos/36085842@N06/51370516257,flickr,by-nc-nd 2.0,1024,683,jpg
Understanding AI,https://live.staticflickr.com/65535/47950363778_8562898417_b.jpg,https://www.flickr.com/photos/36085842@N06/47950363778,flickr,by-nc-nd 2.0,1024,768,jpg
NORAA – Machinic Doodles / Jessica In (UK/AU),https://live.staticflickr.com/65535/47942253882_e68a0dfe83_b.jpg,https://www.flickr.com/photos/36085842@N06/47942253882,flickr,by-nc-nd 2.0,1024,731,jpg
Neurotic 2008 - performance detail,https://live.staticflickr.com/6201/6124270728_02b05eae0d_b.jpg,https://www.flickr.com/photos/34471186@N00/6124270728,flickr,by-nc 2.0,1024,757,jpg
What's in the void V2.0,https://live.staticflickr.com/5801/22916199802_d71bd95c92_b.jpg,https://www.flickr.com/photos/51767011@N00/22916199802,flickr,by 2.0,768,1024,jpg
Understanding AI,https://live.staticflickr.com/65535/47964772488_605c7edbe6_b.jpg,https://www.flickr.com/photos/36085842@N06/47964772488,flickr,by-nc-nd 2.0,1024,683,jpg
Speculative Artificial Intelligence / Birk Schmithüsen (DE),https://live.staticflickr.com/65535/48517998642_27d8a20aa0_b.jpg,https://www.flickr.com/photos/36085842@N06/48517998642,flickr,by-nc-nd 2.0,1024,1024,jpg
cellF / Guy Ben-Ary (AU),https://live.staticflickr.com/4333/35954110800_a64a137ba0_b.jpg,https://www.flickr.com/photos/36085842@N06/35954110800,flickr,by-nc-nd 2.0,1024,683,jpg